title,company,location,url,posted_at
AI Engineer,P-1 AI,San Francisco Bay Area,https://www.linkedin.com/jobs/view/ai-engineer-at-p-1-ai-4431981620?position=1&pageNum=0&refId=7qZqC2dk9%2Bvon2gv8b0C%2BQ%3D%3D&trackingId=daWJZSI2RQeWt2l3xJo0sA%3D%3D,2026-09-08
AI Engineer,Airwallex,"San Francisco, CA",https://www.linkedin.com/jobs/view/ai-engineer-at-airwallex-4380883663?position=2&pageNum=0&refId=7qZqC2dk9%2Bvon2gv8b0C%2BQ%3D%3D&trackingId=YSLlG0uvTCPOVJdOIeZvjA%3D%3D,2026-08-24
ML/AI Engineer,Radley James,"San Francisco, CA",https://www.linkedin.com/jobs/view/ml-ai-engineer-at-radley-james-4458576911?position=3&pageNum=0&refId=7qZqC2dk9%2Bvon2gv8b0C%2BQ%3D%3D&trackingId=cu9JdkjOiMi2Q3eefsIqdQ%3D%3D,2026-08-25
AI Engineer,Campfire,"San Francisco, CA",https://www.linkedin.com/jobs/view/ai-engineer-at-campfire-4401827192?position=4&pageNum=0&refId=7qZqC2dk9%2Bvon2gv8b0C%2BQ%3D%3D&trackingId=o5oJrg58EKS4sEXTK%2BzqGQ%3D%3D,2026-04-16
AI Engineer,Tessera Labs,"San Jose, CA",https://www.linkedin.com/jobs/view/ai-engineer-at-tessera-labs-4456289684?position=5&pageNum=0&refId=7qZqC2dk9%2Bvon2gv8b0C%2BQ%3D%3D&trackingId=YiL9fRcbdm73JMMj4cFHpQ%3D%3D,2026-08-21
AI Engineer,Spectro Cloud,"San Jose, CA",https://www.linkedin.com/jobs/view/ai-engineer-at-spectro-cloud-4464527725?position=6&pageNum=0&refId=7qZqC2dk9%2Bvon2gv8b0C%2BQ%3D%3D&trackingId=6%2FxN8md2dgCYTKHpcl8j3w%3D%3D,2026-09-10
AI Engineer,Arnata,"San Francisco, CA",https://www.linkedin.com/jobs/view/ai-engineer-at-arnata-4324283947?position=7&pageNum=0&refId=7qZqC2dk9%2Bvon2gv8b0C%2BQ%3D%3D&trackingId=wbkc%2Fn7ltCvrzyOGnw8BSQ%3D%3D,2025-11-25
AI Engineer,Unlearn.AI,"San Francisco, CA",https://www.linkedin.com/jobs/view/ai-engineer-at-unlearn-ai-4461328834?position=8&pageNum=0&refId=7qZqC2dk9%2Bvon2gv8b0C%2BQ%3D%3D&trackingId=h3CxOw7gPMf%2FFAe8nxo3Qw%3D%3D,2026-09-02
AI Engineer,Corridor,"San Francisco, CA",https://www.linkedin.com/jobs/view/ai-engineer-at-corridor-4448474376?position=9&pageNum=0&refId=7qZqC2dk9%2Bvon2gv8b0C%2BQ%3D%3D&trackingId=ZSQJd3JOfIvFcA%2FFRzIOug%3D%3D,2026-08-06
Machine Learning Engineer,Onyx AI,"San Francisco, CA",https://www.linkedin.com/jobs/view/machine-learning-engineer-at-onyx-ai-4249317200?position=10&pageNum=0&refId=7qZqC2dk9%2Bvon2gv8b0C%2BQ%3D%3D&trackingId=eOUXm1BChXapBD1FqcMEtw%3D%3D,2025-06-14
